YearMonth,Dollars
2018/02,1725.769208
2018/03,1950.227772
2018/04,2560.954741
2018/05,2185.014446
2018/06,2257.214336
2018/07,2081.211383
