YearMonth,Dollars
2018/02,2338.537755
2018/03,3176.06907
2018/04,2716.880847
2018/05,2910.828103
2018/06,2706.201132
2018/07,2465.408817
